"Objective term (schema path)","What it measures (Aim 1 network metric)","Experimental target source","Scoring bounds in schema (`min_val`→`max_val`)","Weight","Notes"
"`spiking_data.i_frs`","Mean inhibitory-unit firing rate (spikes/s) across units labeled `I`","From Aim 1 `metrics.npy` (key matches this path)","0.25 → 22","1.0","Included as a population-level excitability constraint"
"`spiking_data.e_frs`","Mean excitatory-unit firing rate (spikes/s) across units labeled `E`","From Aim 1 `metrics.npy`","0.15 → 3.5","1.0","Helps anchor baseline E activity magnitude"
"`spiking_data.num_e_firing`","Number of excitatory units that fired (count of `E` units with ≥1 spike)","From Aim 1 `metrics.npy`","99 → 203","1.0","Schema comment notes “current target=203”"
"`spiking_data.num_i_firing`","Number of inhibitory units that fired (count of `I` units with ≥1 spike)","From Aim 1 `metrics.npy`","40 → 98","1.0","Schema comment notes “current target=98”"
"`spiking_data.EI_fr_ratios`","Ratio of E/I firing rates (dimensionless)","From Aim 1 `metrics.npy`","0.001 → 0.5","1.0","Schema comment notes “current target≈0.1674”"
"`spiking_data.EI_spike_ratios`","Ratio of total E spikes / total I spikes (dimensionless)","From Aim 1 `metrics.npy`","0.001 → 2.0","1.0","Useful when matching overall E vs I contribution"
"`mega_bursting_data.baseline`","Baseline level of the convolved “mega-burst” population signal (units depend on convolution normalization)","From Aim 1 `metrics.npy`","2.0 → 4.0","1.0","Schema comment notes target “around 2.5”"
"`mega_bursting_data.burst_metrics.burst_rate`","Mega-burst frequency (bursts/s) detected on the population signal","From Aim 1 `metrics.npy`","0.02 → 1.0","1.0","Schema comment notes “current target≈0.1933”"
"`mega_bursting_data.burst_metrics.burst_amp`","Mega-burst amplitude on the population signal (convolved units)","From Aim 1 `metrics.npy`","0.25 → 11.0","1.0","Schema comment includes mean/min/max (approx 4.64 / 1.78 / 9.52)"
